INSERT INTO MOVIE(title, release_date, pre_release_date) VALUES ('Batman', '2023-03-04', '2023-01-04');
INSERT INTO MOVIE(title, release_date, pre_release_date) VALUES ('Fast and Furious', '2023-01-15', '2022-11-15');
INSERT INTO MOVIE(title, release_date, pre_release_date) VALUES ('Jumanji', '2020-06-17', '2020-04-17"');
INSERT INTO MOVIE(title, release_date, pre_release_date) VALUES ('Avatar', '2012-11-28', '2012-09-28');

INSERT INTO THEATRE(movie_id, name) VALUES (1, '3D');
INSERT INTO THEATRE(movie_id, name) VALUES (1, 'Regular');
INSERT INTO THEATRE(movie_id, name) VALUES (2, '3D');
INSERT INTO THEATRE(movie_id, name) VALUES (2, 'Regular');
INSERT INTO THEATRE(movie_id, name) VALUES (3, '3D');
INSERT INTO THEATRE(movie_id, name) VALUES (3, 'Regular');
INSERT INTO THEATRE(movie_id, name) VALUES (4, '3D');
INSERT INTO THEATRE(movie_id, name) VALUES (4, 'Regular');

INSERT INTO SHOWTIME(theatre_id, time) VALUES(1, '2022-12-26 15:30:00');
INSERT INTO SHOWTIME(theatre_id, time) VALUES (1, '2022-12-26 17:30:00');
INSERT INTO SHOWTIME(theatre_id, time) VALUES(2, '2022-12-26 15:30:00');
INSERT INTO SHOWTIME(theatre_id, time) VALUES (2, '2022-12-26 17:30:00');
INSERT INTO SHOWTIME(theatre_id, time) VALUES(3, '2022-12-26 15:30:00');
INSERT INTO SHOWTIME(theatre_id, time) VALUES (3, '2022-12-26 17:30:00');
INSERT INTO SHOWTIME(theatre_id, time) VALUES(4, '2022-12-26 15:30:00');
INSERT INTO SHOWTIME(theatre_id, time) VALUES (4, '2022-12-26 17:30:00');
INSERT INTO SHOWTIME(theatre_id, time) VALUES(5, '2022-12-26 15:30:00');
INSERT INTO SHOWTIME(theatre_id, time) VALUES (5, '2022-12-26 17:30:00');
INSERT INTO SHOWTIME(theatre_id, time) VALUES(6, '2022-12-26 15:30:00');
INSERT INTO SHOWTIME(theatre_id, time) VALUES (6, '2022-12-26 17:30:00');
INSERT INTO SHOWTIME(theatre_id, time) VALUES(7, '2022-12-26 15:30:00');
INSERT INTO SHOWTIME(theatre_id, time) VALUES (7, '2022-12-26 17:30:00');
INSERT INTO SHOWTIME(theatre_id, time) VALUES(8, '2022-12-26 15:30:00');
INSERT INTO SHOWTIME(theatre_id, time) VALUES (8, '2022-12-26 17:30:00');

INSERT INTO SEAT (showtime_id, row_letter, seat_num, is_booked, price) VALUES (1, 'A', 1, false, 15.00);
INSERT INTO SEAT (showtime_id, row_letter, seat_num, is_booked, price) VALUES (1, 'A', 2, false, 15.00);
INSERT INTO SEAT (showtime_id, row_letter, seat_num, is_booked, price) VALUES (1, 'A', 3, false, 15.00);
INSERT INTO SEAT (showtime_id, row_letter, seat_num, is_booked, price) VALUES (1, 'A', 4, false, 15.00);
INSERT INTO SEAT (showtime_id, row_letter, seat_num, is_booked, price) VALUES (1, 'A', 5, false, 15.00);
INSERT INTO SEAT (showtime_id, row_letter, seat_num, is_booked, price) VALUES (1, 'A', 6, false, 15.00);
INSERT INTO SEAT (showtime_id, row_letter, seat_num, is_booked, price) VALUES (1, 'A', 7, false, 15.00);
INSERT INTO SEAT (showtime_id, row_letter, seat_num, is_booked, price) VALUES (1, 'A', 8, false, 15.00);
INSERT INTO SEAT (showtime_id, row_letter, seat_num, is_booked, price) VALUES (1, 'A', 9, false, 15.00);
INSERT INTO SEAT (showtime_id, row_letter, seat_num, is_booked, price) VALUES (1, 'A', 10, false, 15.00);

INSERT INTO SEAT (showtime_id, row_letter, seat_num, is_booked, price) VALUES (2, 'A', 1, false, 12.50);
INSERT INTO SEAT (showtime_id, row_letter, seat_num, is_booked, price) VALUES (2, 'A', 2, false, 12.50);
INSERT INTO SEAT (showtime_id, row_letter, seat_num, is_booked, price) VALUES (2, 'A', 3, false, 12.50);
INSERT INTO SEAT (showtime_id, row_letter, seat_num, is_booked, price) VALUES (2, 'A', 4, false, 12.50);
INSERT INTO SEAT (showtime_id, row_letter, seat_num, is_booked, price) VALUES (2, 'A', 5, false, 12.50);
INSERT INTO SEAT (showtime_id, row_letter, seat_num, is_booked, price) VALUES (2, 'A', 6, false, 12.50);
INSERT INTO SEAT (showtime_id, row_letter, seat_num, is_booked, price) VALUES (2, 'A', 7, false, 12.50);
INSERT INTO SEAT (showtime_id, row_letter, seat_num, is_booked, price) VALUES (2, 'A', 8, false, 12.50);
INSERT INTO SEAT (showtime_id, row_letter, seat_num, is_booked, price) VALUES (2, 'A', 9, false, 12.50);
INSERT INTO SEAT (showtime_id, row_letter, seat_num, is_booked, price) VALUES (2, 'A', 10, false, 12.50);

INSERT INTO SEAT (showtime_id, row_letter, seat_num, is_booked, price) VALUES (3, 'A', 1, false, 15.00);
INSERT INTO SEAT (showtime_id, row_letter, seat_num, is_booked, price) VALUES (3, 'A', 2, false, 15.00);
INSERT INTO SEAT (showtime_id, row_letter, seat_num, is_booked, price) VALUES (3, 'A', 3, false, 15.00);
INSERT INTO SEAT (showtime_id, row_letter, seat_num, is_booked, price) VALUES (3, 'A', 4, false, 15.00);
INSERT INTO SEAT (showtime_id, row_letter, seat_num, is_booked, price) VALUES (3, 'A', 5, false, 15.00);
INSERT INTO SEAT (showtime_id, row_letter, seat_num, is_booked, price) VALUES (3, 'A', 6, false, 15.00);
INSERT INTO SEAT (showtime_id, row_letter, seat_num, is_booked, price) VALUES (3, 'A', 7, false, 15.00);
INSERT INTO SEAT (showtime_id, row_letter, seat_num, is_booked, price) VALUES (3, 'A', 8, false, 15.00);
INSERT INTO SEAT (showtime_id, row_letter, seat_num, is_booked, price) VALUES (3, 'A', 9, false, 15.00);
INSERT INTO SEAT (showtime_id, row_letter, seat_num, is_booked, price) VALUES (3, 'A', 10, false, 15.00);

INSERT INTO SEAT (showtime_id, row_letter, seat_num, is_booked, price) VALUES (4, 'A', 1, false, 12.50);
INSERT INTO SEAT (showtime_id, row_letter, seat_num, is_booked, price) VALUES (4, 'A', 2, false, 12.50);
INSERT INTO SEAT (showtime_id, row_letter, seat_num, is_booked, price) VALUES (4, 'A', 3, false, 12.50);
INSERT INTO SEAT (showtime_id, row_letter, seat_num, is_booked, price) VALUES (4, 'A', 4, false, 12.50);
INSERT INTO SEAT (showtime_id, row_letter, seat_num, is_booked, price) VALUES (4, 'A', 5, false, 12.50);
INSERT INTO SEAT (showtime_id, row_letter, seat_num, is_booked, price) VALUES (4, 'A', 6, false, 12.50);
INSERT INTO SEAT (showtime_id, row_letter, seat_num, is_booked, price) VALUES (4, 'A', 7, false, 12.50);
INSERT INTO SEAT (showtime_id, row_letter, seat_num, is_booked, price) VALUES (4, 'A', 8, false, 12.50);
INSERT INTO SEAT (showtime_id, row_letter, seat_num, is_booked, price) VALUES (4, 'A', 9, false, 12.50);
INSERT INTO SEAT (showtime_id, row_letter, seat_num, is_booked, price) VALUES (4, 'A', 10, false, 12.50);

INSERT INTO SEAT (showtime_id, row_letter, seat_num, is_booked, price) VALUES (5, 'A', 1, true, 15.00);
INSERT INTO SEAT (showtime_id, row_letter, seat_num, is_booked, price) VALUES (5, 'A', 2, false, 15.00);
INSERT INTO SEAT (showtime_id, row_letter, seat_num, is_booked, price) VALUES (5, 'A', 3, false, 15.00);
INSERT INTO SEAT (showtime_id, row_letter, seat_num, is_booked, price) VALUES (5, 'A', 4, false, 15.00);
INSERT INTO SEAT (showtime_id, row_letter, seat_num, is_booked, price) VALUES (5, 'A', 5, false, 15.00);
INSERT INTO SEAT (showtime_id, row_letter, seat_num, is_booked, price) VALUES (5, 'A', 6, false, 15.00);
INSERT INTO SEAT (showtime_id, row_letter, seat_num, is_booked, price) VALUES (5, 'A', 7, false, 15.00);
INSERT INTO SEAT (showtime_id, row_letter, seat_num, is_booked, price) VALUES (5, 'A', 8, false, 15.00);
INSERT INTO SEAT (showtime_id, row_letter, seat_num, is_booked, price) VALUES (5, 'A', 9, false, 15.00);
INSERT INTO SEAT (showtime_id, row_letter, seat_num, is_booked, price) VALUES (5, 'A', 10, false, 15.00);

INSERT INTO SEAT (showtime_id, row_letter, seat_num, is_booked, price) VALUES (6, 'A', 1, true, 12.50);
INSERT INTO SEAT (showtime_id, row_letter, seat_num, is_booked, price) VALUES (6, 'A', 2, false, 12.50);
INSERT INTO SEAT (showtime_id, row_letter, seat_num, is_booked, price) VALUES (6, 'A', 3, false, 12.50);
INSERT INTO SEAT (showtime_id, row_letter, seat_num, is_booked, price) VALUES (6, 'A', 4, false, 12.50);
INSERT INTO SEAT (showtime_id, row_letter, seat_num, is_booked, price) VALUES (6, 'A', 5, false, 12.50);
INSERT INTO SEAT (showtime_id, row_letter, seat_num, is_booked, price) VALUES (6, 'A', 6, false, 12.50);
INSERT INTO SEAT (showtime_id, row_letter, seat_num, is_booked, price) VALUES (6, 'A', 7, false, 12.50);
INSERT INTO SEAT (showtime_id, row_letter, seat_num, is_booked, price) VALUES (6, 'A', 8, false, 12.50);
INSERT INTO SEAT (showtime_id, row_letter, seat_num, is_booked, price) VALUES (6, 'A', 9, false, 12.50);
INSERT INTO SEAT (showtime_id, row_letter, seat_num, is_booked, price) VALUES (6, 'A', 10, false, 12.50);

INSERT INTO SEAT (showtime_id, row_letter, seat_num, is_booked, price) VALUES (7, 'A', 1, true, 15.00);
INSERT INTO SEAT (showtime_id, row_letter, seat_num, is_booked, price) VALUES (7, 'A', 2, false, 15.00);
INSERT INTO SEAT (showtime_id, row_letter, seat_num, is_booked, price) VALUES (7, 'A', 3, false, 15.00);
INSERT INTO SEAT (showtime_id, row_letter, seat_num, is_booked, price) VALUES (7, 'A', 4, false, 15.00);
INSERT INTO SEAT (showtime_id, row_letter, seat_num, is_booked, price) VALUES (7, 'A', 5, false, 15.00);
INSERT INTO SEAT (showtime_id, row_letter, seat_num, is_booked, price) VALUES (7, 'A', 6, false, 15.00);
INSERT INTO SEAT (showtime_id, row_letter, seat_num, is_booked, price) VALUES (7, 'A', 7, false, 15.00);
INSERT INTO SEAT (showtime_id, row_letter, seat_num, is_booked, price) VALUES (7, 'A', 8, false, 15.00);
INSERT INTO SEAT (showtime_id, row_letter, seat_num, is_booked, price) VALUES (7, 'A', 9, false, 15.00);
INSERT INTO SEAT (showtime_id, row_letter, seat_num, is_booked, price) VALUES (7, 'A', 10, false, 15.00);

INSERT INTO SEAT (showtime_id, row_letter, seat_num, is_booked, price) VALUES (8, 'A', 1, true, 12.50);
INSERT INTO SEAT (showtime_id, row_letter, seat_num, is_booked, price) VALUES (8, 'A', 2, false, 12.50);
INSERT INTO SEAT (showtime_id, row_letter, seat_num, is_booked, price) VALUES (8, 'A', 3, false, 12.50);
INSERT INTO SEAT (showtime_id, row_letter, seat_num, is_booked, price) VALUES (8, 'A', 4, false, 12.50);
INSERT INTO SEAT (showtime_id, row_letter, seat_num, is_booked, price) VALUES (8, 'A', 5, false, 12.50);
INSERT INTO SEAT (showtime_id, row_letter, seat_num, is_booked, price) VALUES (8, 'A', 6, false, 12.50);
INSERT INTO SEAT (showtime_id, row_letter, seat_num, is_booked, price) VALUES (8, 'A', 7, false, 12.50);
INSERT INTO SEAT (showtime_id, row_letter, seat_num, is_booked, price) VALUES (8, 'A', 8, false, 12.50);
INSERT INTO SEAT (showtime_id, row_letter, seat_num, is_booked, price) VALUES (8, 'A', 9, false, 12.50);
INSERT INTO SEAT (showtime_id, row_letter, seat_num, is_booked, price) VALUES (8, 'A', 10, false, 12.50);

INSERT INTO SEAT (showtime_id, row_letter, seat_num, is_booked, price) VALUES (9, 'A', 1, true, 15.00);
INSERT INTO SEAT (showtime_id, row_letter, seat_num, is_booked, price) VALUES (9, 'A', 2, true, 15.00);
INSERT INTO SEAT (showtime_id, row_letter, seat_num, is_booked, price) VALUES (9, 'A', 3, true, 15.00);
INSERT INTO SEAT (showtime_id, row_letter, seat_num, is_booked, price) VALUES (9, 'A', 4, true, 15.00);
INSERT INTO SEAT (showtime_id, row_letter, seat_num, is_booked, price) VALUES (9, 'A', 5, true, 15.00);
INSERT INTO SEAT (showtime_id, row_letter, seat_num, is_booked, price) VALUES (9, 'A', 6, false, 15.00);
INSERT INTO SEAT (showtime_id, row_letter, seat_num, is_booked, price) VALUES (9, 'A', 7, false, 15.00);
INSERT INTO SEAT (showtime_id, row_letter, seat_num, is_booked, price) VALUES (9, 'A', 8, false, 15.00);
INSERT INTO SEAT (showtime_id, row_letter, seat_num, is_booked, price) VALUES (9, 'A', 9, false, 15.00);
INSERT INTO SEAT (showtime_id, row_letter, seat_num, is_booked, price) VALUES (9, 'A', 10, false, 15.00);

INSERT INTO SEAT (showtime_id, row_letter, seat_num, is_booked, price) VALUES (10, 'A', 1, true, 12.50);
INSERT INTO SEAT (showtime_id, row_letter, seat_num, is_booked, price) VALUES (10, 'A', 2, true, 12.50);
INSERT INTO SEAT (showtime_id, row_letter, seat_num, is_booked, price) VALUES (10, 'A', 3, true, 12.50);
INSERT INTO SEAT (showtime_id, row_letter, seat_num, is_booked, price) VALUES (10, 'A', 4, true, 12.50);
INSERT INTO SEAT (showtime_id, row_letter, seat_num, is_booked, price) VALUES (10, 'A', 5, true, 12.50);
INSERT INTO SEAT (showtime_id, row_letter, seat_num, is_booked, price) VALUES (10, 'A', 6, false, 12.50);
INSERT INTO SEAT (showtime_id, row_letter, seat_num, is_booked, price) VALUES (10, 'A', 7, false, 12.50);
INSERT INTO SEAT (showtime_id, row_letter, seat_num, is_booked, price) VALUES (10, 'A', 8, false, 12.50);
INSERT INTO SEAT (showtime_id, row_letter, seat_num, is_booked, price) VALUES (10, 'A', 9, false, 12.50);
INSERT INTO SEAT (showtime_id, row_letter, seat_num, is_booked, price) VALUES (10, 'A', 10, false, 12.50);

INSERT INTO SEAT (showtime_id, row_letter, seat_num, is_booked, price) VALUES (11, 'A', 1, true, 15.00);
INSERT INTO SEAT (showtime_id, row_letter, seat_num, is_booked, price) VALUES (11, 'A', 2, true, 15.00);
INSERT INTO SEAT (showtime_id, row_letter, seat_num, is_booked, price) VALUES (11, 'A', 3, true, 15.00);
INSERT INTO SEAT (showtime_id, row_letter, seat_num, is_booked, price) VALUES (11, 'A', 4, true, 15.00);
INSERT INTO SEAT (showtime_id, row_letter, seat_num, is_booked, price) VALUES (11, 'A', 5, true, 15.00);
INSERT INTO SEAT (showtime_id, row_letter, seat_num, is_booked, price) VALUES (11, 'A', 6, false, 15.00);
INSERT INTO SEAT (showtime_id, row_letter, seat_num, is_booked, price) VALUES (11, 'A', 7, false, 15.00);
INSERT INTO SEAT (showtime_id, row_letter, seat_num, is_booked, price) VALUES (11, 'A', 8, false, 15.00);
INSERT INTO SEAT (showtime_id, row_letter, seat_num, is_booked, price) VALUES (11, 'A', 9, false, 15.00);
INSERT INTO SEAT (showtime_id, row_letter, seat_num, is_booked, price) VALUES (11, 'A', 10, false, 15.00);

INSERT INTO SEAT (showtime_id, row_letter, seat_num, is_booked, price) VALUES (12, 'A', 1, true, 12.50);
INSERT INTO SEAT (showtime_id, row_letter, seat_num, is_booked, price) VALUES (12, 'A', 2, true, 12.50);
INSERT INTO SEAT (showtime_id, row_letter, seat_num, is_booked, price) VALUES (12, 'A', 3, true, 12.50);
INSERT INTO SEAT (showtime_id, row_letter, seat_num, is_booked, price) VALUES (12, 'A', 4, true, 12.50);
INSERT INTO SEAT (showtime_id, row_letter, seat_num, is_booked, price) VALUES (12, 'A', 5, true, 12.50);
INSERT INTO SEAT (showtime_id, row_letter, seat_num, is_booked, price) VALUES (12, 'A', 6, false, 12.50);
INSERT INTO SEAT (showtime_id, row_letter, seat_num, is_booked, price) VALUES (12, 'A', 7, false, 12.50);
INSERT INTO SEAT (showtime_id, row_letter, seat_num, is_booked, price) VALUES (12, 'A', 8, false, 12.50);
INSERT INTO SEAT (showtime_id, row_letter, seat_num, is_booked, price) VALUES (12, 'A', 9, false, 12.50);
INSERT INTO SEAT (showtime_id, row_letter, seat_num, is_booked, price) VALUES (12, 'A', 10, false, 12.50);

INSERT INTO SEAT (showtime_id, row_letter, seat_num, is_booked, price) VALUES (13, 'A', 1, false, 15.00);
INSERT INTO SEAT (showtime_id, row_letter, seat_num, is_booked, price) VALUES (13, 'A', 2, false, 15.00);
INSERT INTO SEAT (showtime_id, row_letter, seat_num, is_booked, price) VALUES (13, 'A', 3, false, 15.00);
INSERT INTO SEAT (showtime_id, row_letter, seat_num, is_booked, price) VALUES (13, 'A', 4, false, 15.00);
INSERT INTO SEAT (showtime_id, row_letter, seat_num, is_booked, price) VALUES (13, 'A', 5, false, 15.00);
INSERT INTO SEAT (showtime_id, row_letter, seat_num, is_booked, price) VALUES (13, 'A', 6, false, 15.00);
INSERT INTO SEAT (showtime_id, row_letter, seat_num, is_booked, price) VALUES (13, 'A', 7, false, 15.00);
INSERT INTO SEAT (showtime_id, row_letter, seat_num, is_booked, price) VALUES (13, 'A', 8, false, 15.00);
INSERT INTO SEAT (showtime_id, row_letter, seat_num, is_booked, price) VALUES (13, 'A', 9, false, 15.00);
INSERT INTO SEAT (showtime_id, row_letter, seat_num, is_booked, price) VALUES (13, 'A', 10, false, 15.00);

INSERT INTO SEAT (showtime_id, row_letter, seat_num, is_booked, price) VALUES (14, 'A', 1, false, 12.50);
INSERT INTO SEAT (showtime_id, row_letter, seat_num, is_booked, price) VALUES (14, 'A', 2, false, 12.50);
INSERT INTO SEAT (showtime_id, row_letter, seat_num, is_booked, price) VALUES (14, 'A', 3, false, 12.50);
INSERT INTO SEAT (showtime_id, row_letter, seat_num, is_booked, price) VALUES (14, 'A', 4, false, 12.50);
INSERT INTO SEAT (showtime_id, row_letter, seat_num, is_booked, price) VALUES (14, 'A', 5, false, 12.50);
INSERT INTO SEAT (showtime_id, row_letter, seat_num, is_booked, price) VALUES (14, 'A', 6, false, 12.50);
INSERT INTO SEAT (showtime_id, row_letter, seat_num, is_booked, price) VALUES (14, 'A', 7, false, 12.50);
INSERT INTO SEAT (showtime_id, row_letter, seat_num, is_booked, price) VALUES (14, 'A', 8, false, 12.50);
INSERT INTO SEAT (showtime_id, row_letter, seat_num, is_booked, price) VALUES (14, 'A', 9, false, 12.50);
INSERT INTO SEAT (showtime_id, row_letter, seat_num, is_booked, price) VALUES (14, 'A', 10, false, 12.50);

INSERT INTO SEAT (showtime_id, row_letter, seat_num, is_booked, price) VALUES (15, 'A', 1, false, 15.00);
INSERT INTO SEAT (showtime_id, row_letter, seat_num, is_booked, price) VALUES (15, 'A', 2, false, 15.00);
INSERT INTO SEAT (showtime_id, row_letter, seat_num, is_booked, price) VALUES (15, 'A', 3, false, 15.00);
INSERT INTO SEAT (showtime_id, row_letter, seat_num, is_booked, price) VALUES (15, 'A', 4, false, 15.00);
INSERT INTO SEAT (showtime_id, row_letter, seat_num, is_booked, price) VALUES (15, 'A', 5, false, 15.00);
INSERT INTO SEAT (showtime_id, row_letter, seat_num, is_booked, price) VALUES (15, 'A', 6, false, 15.00);
INSERT INTO SEAT (showtime_id, row_letter, seat_num, is_booked, price) VALUES (15, 'A', 7, false, 15.00);
INSERT INTO SEAT (showtime_id, row_letter, seat_num, is_booked, price) VALUES (15, 'A', 8, false, 15.00);
INSERT INTO SEAT (showtime_id, row_letter, seat_num, is_booked, price) VALUES (15, 'A', 9, false, 15.00);
INSERT INTO SEAT (showtime_id, row_letter, seat_num, is_booked, price) VALUES (15, 'A', 10, false, 15.00);

INSERT INTO SEAT (showtime_id, row_letter, seat_num, is_booked, price) VALUES (16, 'A', 1, false, 12.50);
INSERT INTO SEAT (showtime_id, row_letter, seat_num, is_booked, price) VALUES (16, 'A', 2, false, 12.50);
INSERT INTO SEAT (showtime_id, row_letter, seat_num, is_booked, price) VALUES (16, 'A', 3, false, 12.50);
INSERT INTO SEAT (showtime_id, row_letter, seat_num, is_booked, price) VALUES (16, 'A', 4, false, 12.50);
INSERT INTO SEAT (showtime_id, row_letter, seat_num, is_booked, price) VALUES (16, 'A', 5, false, 12.50);
INSERT INTO SEAT (showtime_id, row_letter, seat_num, is_booked, price) VALUES (16, 'A', 6, false, 12.50);
INSERT INTO SEAT (showtime_id, row_letter, seat_num, is_booked, price) VALUES (16, 'A', 7, false, 12.50);
INSERT INTO SEAT (showtime_id, row_letter, seat_num, is_booked, price) VALUES (16, 'A', 8, false, 12.50);
INSERT INTO SEAT (showtime_id, row_letter, seat_num, is_booked, price) VALUES (16, 'A', 9, false, 12.50);
INSERT INTO SEAT (showtime_id, row_letter, seat_num, is_booked, price) VALUES (16, 'A', 10, false, 12.50);

INSERT INTO PAYMENT (card_holder_name, card_number, expiry_date, cvc, email_address, address, city, province, postal_code) VALUES ('Mark Phillipos', '1234567891011120', '2023-11-01', 123, 'markphillipos3@gmail.com', '337 Summerside Cove SW', 'Edmonton', 'AB', 'T6X 1B3');
INSERT INTO PAYMENT (card_holder_name, card_number, expiry_date, cvc, email_address, address, city, province, postal_code) VALUES ('Daniel Phillipos', '1234567891234567', '2023-12-01', 321, 'markphillipos3@gmail.com', '337 Summerside Cove SW', 'Edmonton', 'AB', 'T6X 1B3');
INSERT INTO PAYMENT (card_holder_name, card_number, expiry_date, cvc, email_address, address, city, province, postal_code) VALUES('Maria Phillipos', '9876543219876543', '2023-10-01', 112, 'markphillipos3@gmail.com', '337 Summerside Cove SW', 'Edmonton', 'AB', 'T6X 1B3');

INSERT INTO REGISTEREDUSER(payment_info_payment_id, username, password, subscription_payment_date, subscription_end_date, subscription_payed) VALUES (1, 'markphillipos', 'password', '2022-11-26', '2023-11-26', true);
INSERT INTO REGISTEREDUSER(payment_info_payment_id, username, password, subscription_payment_date, subscription_end_date, subscription_payed) VALUES   (2, 'danielphillipos', 'password', '2022-11-27', '2023-11-27', true);
INSERT INTO REGISTEREDUSER(payment_info_payment_id, username, password, subscription_payment_date, subscription_end_date, subscription_payed) VALUES (3, 'mariaphillipos', 'password', '2022-11-28', '2023-11-28', true);

INSERT INTO TICKET(seat_id, registereduser_id) VALUES (51, 1);
INSERT INTO TICKET(seat_id, registereduser_id) VALUES (61, 2);
INSERT INTO TICKET(seat_id, registereduser_id) VALUES (71, 3);
INSERT INTO TICKET(seat_id, registereduser_id) VALUES (81, 1);
INSERT INTO TICKET(seat_id, registereduser_id) VALUES (91, 1);
INSERT INTO TICKET(seat_id, registereduser_id) VALUES (92, 1);
INSERT INTO TICKET(seat_id, registereduser_id) VALUES (93, 1);
INSERT INTO TICKET(seat_id, registereduser_id) VALUES (94, 1);
INSERT INTO TICKET(seat_id, registereduser_id) VALUES (95, 1);
INSERT INTO TICKET(seat_id, registereduser_id) VALUES (101, 2);
INSERT INTO TICKET(seat_id, registereduser_id) VALUES (102, 2);
INSERT INTO TICKET(seat_id, registereduser_id) VALUES (103, 2);
INSERT INTO TICKET(seat_id, registereduser_id) VALUES (104, 2);
INSERT INTO TICKET(seat_id, registereduser_id) VALUES (105, 2);
INSERT INTO TICKET(seat_id, registereduser_id) VALUES (111, 3);
INSERT INTO TICKET(seat_id, registereduser_id) VALUES (112, 3);
INSERT INTO TICKET(seat_id, registereduser_id) VALUES (113, 3);
INSERT INTO TICKET(seat_id, registereduser_id) VALUES (114, 3);
INSERT INTO TICKET(seat_id, registereduser_id) VALUES (115, 3);
INSERT INTO TICKET(seat_id, registereduser_id) VALUES (121, 1);
INSERT INTO TICKET(seat_id, registereduser_id) VALUES (122, 1);
INSERT INTO TICKET(seat_id, registereduser_id) VALUES (123, 1);
INSERT INTO TICKET(seat_id, registereduser_id) VALUES (124, 1);
INSERT INTO TICKET(seat_id, registereduser_id) VALUES (125, 1);

INSERT INTO VOUCHER(expiry_date, voucher_amount) VALUES ('2023-12-01', 12.50);
INSERT INTO VOUCHER(expiry_date, voucher_amount) VALUES ('2023-12-01', 15.00);
INSERT INTO VOUCHER(expiry_date, voucher_amount) VALUES ('2023-12-01', 10.625);
INSERT INTO VOUCHER(expiry_date, voucher_amount) VALUES ('2023-12-01', 12.75);
